date,username,tweet
2022-02-13 00:38:03,mazzya6,  i think it s two fold  although i m sure there are far righters in the mix       contrast two similar countries  five minutes apart  with completely different covid mandates  and     others are protesting against federal mandates  and want mandates governing travel to be dropped 
2022-02-13 00:38:02,Leanne00888573,  i m sick of hearing this  a family member of mine suffered heart failure   days after their booster but apparently it s just one of those things because people suffer from heart failure daily  yet these same people don t apply that logic to covid  face with rolling eyes  is covid now the only death 
2022-02-13 00:38:02,Georgie_D_101,  also you can t determine unless you looked at each case whether yes in fact covid was the factor that meant they couldn t recover from the crash also the variations in car accidents too the level of seriousness of injury would be different in each car accident case   
2022-02-13 00:38:02,originalscout11, denmark s doing it all wrong  they re counting cases and deaths correctly   denmark     mm people  on    mm   virus is almost gone in on   learn to lie and covid disappears in no time 
2022-02-13 00:38:02,leadershipindex,how covid    has changed the way we work  via 
2022-02-13 00:38:01,UKLabour_Innit,uk covid deaths fall     in one week yet uk labour party mps still demand more lockdowns  wilted flower  high heeled shoe  palestinian territories  china 
2022-02-13 00:38:01,zabrilgom,anoche me empujaron algo de     personas  covid ya te siento
2022-02-13 00:38:01,ActivistHat_, in the case of taking precautions to prevent covid infection it is of personal benefit   the problem is that taking precautions requires taking into account that other people exist and matter  and they would rather die 
2022-02-13 00:38:01,TtnKolonyas3,am nakodumun covid testi negative se benim niye her taraf m a r yo  bo az m ac yo ve alev alev yan om amk
2022-02-13 00:38:00,ENGINEER__28,liberum anuncia que el pass covid cae en andaluc a a partir del martes  ale  covidianos  a seguir pinch ndose para renovar nada 
2022-02-13 00:38:00,usapatrioteast2,broad spectrum coronavirus fusion inhibitors to combat covid    and other emerging coronavirus diseases  
2022-02-13 00:38:00,Kathy85829752, just another planned effort to make president biden fail  again  if they had put     th the effort in fighting covid we d have so few death  etc 
2022-02-13 00:38:00,ATL_Test_Watch,covid test available today at cvs       moreland avenue  atlanta  ga        at      am      pm      pm      pm      pm      pm      pm      pm      pm      pm      pm      pm      pm      pm      pm      pm      pm      pm      pm      pm    
2022-02-13 00:38:00,ians_india,delhi on saturday reported     fresh covid   infections in the last    hours  taking the overall caseload to            officials said   besides     covid deaths have also been reported  taking the toll to          
2022-02-13 00:38:00,Meemou4you,      reduction in transmission for how long   maybe     months   also  did you read the part where the vaccinated are dying in greater numbers than unvaxxed but just not from covid   so deaths are ok as long as they aren t from coivd   
2022-02-13 00:37:59,EosNoticiasSLP,casi mil nuevos contagios de covid    en slp  
2022-02-13 00:37:59,PhiCap3,  covid    sra c dr sabatier  dir  cnrs  france  this is why so many old treatments wok as prophylactic   cure   vit d  artemisia annua  nigella  i v e r m e c t i n  
2022-02-13 00:37:59,maik_weed_ing,la gente alega que el gobierno no hace nada con el covid otros alegan contra las restricciones otros contra la vacuna otros contra los antivacunas  otros por el cierre de comercio imposible darles en gusto q todos 
2022-02-13 00:37:59,andina_gama,  i ll tel you   things     i have no respect for covid  i believe it s not much different to flu and pfizer is making billions from fear and vaccine mandates  covid is a scam      the earth is not flat  man  there s too much evidence and proof from all over  not just  nasa  
2022-02-13 00:37:59,CryptoKing69420, they will explain everything away with covid  the rich people that matter and know will be paid off or silenced  inflation will be the fault of the truckers   and the beat goes on 
2022-02-13 00:37:58,MDemenchuk,  has it been made at least somewhat evident that your chances of developing long  covid are greatly diminished by vaccination  hard to tell based on what you read 
2022-02-13 00:37:58,Carolinansousaa, isso deve ser efeitos do covid
2022-02-13 00:37:57,morgabaldissera,eu fui convidada pra uma formatura agora them fevereiro  tava analisando a possibilidade de ir  me dei conta que preciso reaver o tempo perdido de conv vio social dos anos de isolamento  os sinais que eu recebo  meu pai pega covid e eu trabalho de ter a   s bado agora  clown face 
2022-02-13 00:37:57,CarlosE36439965, ele quase nem apareceu no circo da cpi da covid e voc  acha mesmo que ele vai colocar a cara assim para indicar algu m  o fl vio bolsonaro   o homem mais frouxo que j  vi  brabos mesmo s o o eduardo e o carlos bolsonaro  o fl vio   uma vergonha como senador  pronto  falei
2022-02-13 00:37:57,ross81012257, pointless tweet  the tory s keep inferring covid is over  which is it   god forbid you flip flop to score political points  oops that s exactly what you do
2022-02-13 00:37:57,MexTwitt,  el que no quiere  sabe o puede entender la realidad de la masacre que represent  para m xico el pesimo manejo de la pandemia  pues no va a entender  ni aunque se le muera su madre de covid
2022-02-13 00:37:57,Showboat7, i gave up on him  he s an old acquaintance from nyc days but i think covid messed with his thinking 
2022-02-13 00:37:57,DANNYCARLINO,hey    don t be anti science stupid by requiring minor leaguers to be  up to date  on their covid vaccination  they are the least likely to be affected  you haven t seen the young soccer players developing heart problems in europe  it s over  give it up  endthemandates
2022-02-13 00:37:56,Lalo96714716,  si se masifico porque est  lleno de gente en ruina por la crisis del covid que cree que se har  millonaria con las criptomonedas por eso las hacen subir y parece qu  hay una re adopci n pero la realidad es que cuando aparezca la primera sacudida salen todos corriendo en estampida
2022-02-13 00:37:56,nabiilashn,pengen main tp org  pd covid  
2022-02-13 00:37:56,holeofholland,what s funny is this was me towards covid when i first got it in the fall with no symptoms  and now look at me   
2022-02-13 00:37:56,paulthacker11,pfizer pulls its covid vaccine eau from india why  because those pesky folks wanted an independent study  but yes by all means keep lining up and putting this stuff in your body  i am sure its good   
2022-02-13 00:37:55,LafcSelma,  covid testi
2022-02-13 00:37:54,melasu_da,gente  m tanse  sto en lo m s profundo de ustedes   sin covid no existe la econom a  porque la econom a subsist a gracias al covid  viene una hostia financiera que no soy capaz de imaginarme   hagan acopio por amor de dios  aunque no pase nada  act en ya  porque esta todo  bomb 
2022-02-13 00:37:54,ItsColour,  if vaccines were the solution  with a     vax rate  covid would already be over  besides that  covid is not the only thing to consider  this is an ethical or moral question not a scientific one  if you actually care about other people  respect their perspective and choices
2022-02-13 00:37:54,cansfield96, passport has worked fine for me  and it did not cost    billion either  but you representatives of westminster has condoned everything our government has done during this pandemic  you should either just shut up or hold your heads in shame the way your party has handled covid pan
2022-02-13 00:37:53,JujuyPua,hay m s de     mil vacunas contra el covid    disponibles en jujuy  
2022-02-13 00:37:53,OfthunderSon,  oil and gas pay the bills  you ll all find out the hard way when all this  covid money  is gone  nm is fast tracking to be a  rd world state  thetruth
2022-02-13 00:37:53,juliandipede,positivo en covid negativo en cockbig
2022-02-13 00:37:53,GabyTijman,hay m s de     mil vacunas contra el covid    disponibles en jujuy  
2022-02-13 00:37:53,northofeden_,after days and days of negative tests  my lft today showed the faintest line i ve ever seen  so i guess now it s official i have covid  man dancing medium light skin tone 
2022-02-13 00:37:52,SoberOptimist, trudeau has a choice as a free willed man to set a tone commensurate with proportional representation  the appointers of his minority govt were polled by ipsos   only     say mandates are most effective to  hammer  covid  he willfully  amp  defiantly won t even moderate knowing this 
2022-02-13 00:37:52,ksteven18644240,  i hear you  i got   covid    shots    shingles and   flu shot as well 
2022-02-13 00:37:52,happycanuck1974,don t discuss the vax side affects diminish facts from vaers website give hospitals more money for covid patients count flu cold cases as covid push pcr tests with a     false positives attack florida for bucking system fund provs states for vax pass system do the right thing
2022-02-13 00:37:52,HeartsofOakUK,on hearts of oak podcast this week  jamie jenkins  crunching the covid stats to expose the government s misinformation  listen on spotify  or the pod app of your choice hit play for a clip  play or pause button   covidstats  
2022-02-13 00:37:52,submarinojujuy,hay m s de     mil vacunas contra el covid    disponibles en jujuy  
2022-02-13 00:37:51,TBoneStyle,  my best friend s husband is unvaccinated and was only last week in icu fighting for his life with covid  his natural immune system couldn t handle it  he needed oxygen  steroids and antibiotics  shove that statistic where  your own mind  doesn t shine 
2022-02-13 00:37:51,bill_smafia, is it a covid or vaccine thing 
2022-02-13 00:37:50,ATL_Test_Watch,covid test available today at cvs       centerville highway      snellville  ga        at      pm      pm      pm      pm      pm      pm      pm      pm      pm    
2022-02-13 00:37:49,AnnaStr76,  drop the tyrannical mandates and this blockade isn t necessary  does pm blackface know the  vax  isn t a vax  that it fails  that people still get covid flu  that people still spread it  wake the f up already  honkhonk
2022-02-13 00:37:49,NastyOldWomyn,excellent thread  striking parallels between tv lawyers commenting on ag garland  and tv medical experts commenting on the handling of covid    mediation 
2022-02-13 00:37:49,cachita2021, y sexo   digo seg n transmite el coba  digo covid
2022-02-13 00:37:49,mattFarris,car with covid misinformation stickers is also stopped on the railroad tracks   man shrugging 
2022-02-13 00:37:47,texasT_J,  no one has died from westing a mask  they have died from taking bs dewormer  drinking bleach and getting covid 
2022-02-13 00:37:47,fachrurrizkyy,masa iya covid sih  
2022-02-13 00:37:47,guru_sc, sc tem       das crian as de   a    anos vacinadas contra covid  segundo governo do estado   santa catarina   g    
2022-02-13 00:37:47,Wpgcold,  children under   account for       of the worlds pop  but only      of covid deaths  in cdn    deaths of  m under age    out of  k under   deaths in cdn  covid accounts for less than     stats can said covid was ranked third for because  so kids are not the concern  science 
2022-02-13 00:37:46,srhodes36,  you could describe covid as       survivability as you say  or  you could describe it as nearly   million americans dead in the past two years 
2022-02-13 00:37:46,WayzataMom2,  if they wouldn t have died at that time without getting covid it s called dying from c
2022-02-13 00:37:46,Jeffmw, well i just recovered from covid so don t need the antibody test 
2022-02-13 00:37:46,ParoledeVilaine,j ai envie de sucre et de gras  voil   tellement que mon menu r v  du moment ce serait   entr e   moules frites plat   raclette et sa fondue moiti  moiti  dessert   gaufres li geoises avec cr me d isigny  bon  dessert  check mark button  je sais pas si c est le covid ou l ennui  grinning face with sweat 
2022-02-13 00:37:46,winendar_bisri,  cara merawat keluarga yang terinfeksi covid    di rumah  
2022-02-13 00:37:45,amazing7773,takeindianstudentsbacktochina  students of chinese medical universities are stuck  in india due to covid travel resistriction as sir our major is medicine so online classes will not be valid plzz help us to return china it s being   years here 
2022-02-13 00:37:45,submarinojujuy,hay m s de     mil vacunas contra el covid    disponibles en jujuy  leelo completo en  destacadas salud todosobreelcoronavirus
2022-02-13 00:37:44,today_lincoln,  terrible  have any children perished in automobile accidents in the last   years of the covid flu 
2022-02-13 00:37:44,the_real_yucob,trucker protests  french police fire tear gas at those protesting covid    via 
2022-02-13 00:37:44,Willy33565753,  for sure covid    help the country to invest in agriculture as long no bombing in nigeria more improvement 
2022-02-13 00:37:44,Jenna15700674,uhh the pharmacies are so over stocked on covid tests rn they re trying to give them away   at a time
2022-02-13 00:37:44,jeffcalcagno, i had never felt worse   long covid sufferers are struggling with exercise  
2022-02-13 00:37:44,batalysta,and pretty much right on schedule   four new covid    related deaths in ottawa saturday  via 
2022-02-13 00:37:43,cmtjbc, it was a lie from the beginning  the risk is fractionally low  vaccinated people still get covid because it doesn t work   these are facts  i suggest you get on the side of truth quickly facist   freedomconvoy    
2022-02-13 00:37:43,_doglizard,literally the worst thing about covid nineteen is there is nowhere i can go to get my tongue pierced
2022-02-13 00:37:42,DunandVictor,  et pour info en      j ai des tas de gens qui le porte conscieusement et l on chop  au taf m me avec un masque passer  h par jour pr s de covid    a contamine
2022-02-13 00:37:42,enfermero_cesar, ac    vacunas y cero covid
2022-02-13 00:37:42,ldtestino,mscs gets a shout out from sec  cardona as part of the department s arp stars social media campaign   where we will highlight schools  in their own words  doing everything they can to fight covid    and give students  teachers  and families the tools they need to succeed  
2022-02-13 00:37:41,Straigh54166476,freedom convoy  police move in on truckers protesting covid rules at us canada border after injunction issued  via  the protestors may be breaking the law but so is the govt   look up the charter of rights section   subsection   clause b about working
2022-02-13 00:37:41,StevePaul63, do be serious  other pms have done worse and not resigned  john major springs to mind  or blair with his dodgy dossier  amp  the death of dr david kelly  didn t resign  keir had drinks with people illegally  mps ignored covid rules  even reporters did so  no resignations so why bojo 
2022-02-13 00:37:40,ATL_Test_Watch,covid test available today at cvs       pleasant hill rd  duluth  ga        at      pm      pm      pm    
2022-02-13 00:37:40,angrygoatguy, cool  i found your socials from pat flynn and was interested in how you were able to get all the fire products  did you buy in before the prices on vintage went crazy  if you have not made a video about it  maybe speak to what your collection looked like before covid   smiling face with halo 
2022-02-13 00:37:40,TammieWrampe,  probably better than your vaccine   lol  then again  i also take care of myself  i got covid and i literally only lost my taste and smell 
2022-02-13 00:37:39,ThisIsNotRealX, covid restrictions   shouldn t we keep calling it the mandate   ozzies  australians  are protesting the mandate  it sheds light on the fact that this has nothing to do with a supposed pandemic virus  mandate  
2022-02-13 00:37:39,Taram52, it wasn t too long ago they had to send us their covid icu patients  next time they can keep them 
2022-02-13 00:37:39,DiYBioinfo,o que voc  v  nesse gr fico de casos di rios de covid    na dinamarca  eu vejo claramente um plat   deve ser por isso que chamam de fase end mica  o plat  aparece n tido se vc virar a tela    graus 
2022-02-13 00:37:38,Violettgtz, que poca m  ahora todo es covid 
2022-02-13 00:37:37,JSchuurMD, heart disease risk soars after covid   even with a mild case  getvaccinated  and don t listen to the hucksters scaring you about incredibly rare vaccine side effects   
2022-02-13 00:37:37,Armadillito, en m me temps impossible   organiser avec le covid  les restrictions du nombre d invit s y a une certaine logique 
2022-02-13 00:37:37,CMRaulCampillo,dr  wilma wooten has been vital in the fight of covid    as public health officer for    she has been a fixture in sd since      when she began her career as a faculty member in the ucsd dept of family  amp  preventative medicine  she has been with the hhsa since        
2022-02-13 00:37:37,realdentarthur,  and i m probably overdoing it wearing a n   in most situations  but they are actually more comfortable  so why not  i don t wear it at home or outside   except in crowds  which i avoid anyway  not just because of covid 
2022-02-13 00:37:36,haziqariff__,testing positive for covid really showed me who actually cares about me by calling or texting me every day and the people who only pretend to care
2022-02-13 00:37:36,itsrAti0,  that s cool  but how long on the new maps and modes  if game dies don t  even try to put the blame on covid
2022-02-13 00:37:36,jw_lockhart, his covid book came out late october       so i assumed similar pace 
2022-02-13 00:37:35,indigonmi,eh impressionante que mesmo num hospital cheio de gente infectada com covid a galera n o usa a m scara direito tem idosa aqui at  sem m scara
2022-02-13 00:37:35,Martude06,  ha sido tener el covid y no volver a ser titular efectivamente  woman shrugging light skin tone 
2022-02-13 00:37:35,GadgieOld, i ve been told that i have to  nothing to do with covid though  just an ugly bugger 
2022-02-13 00:37:34,WiliamCruz0310,  my opinion     organized an event without care against covid     irresponsible      said he had a problem for getting vaccinated  lied      gave suspicious documentation  lied      organized a child event being contaminated  lied      has     of a company not pro vaccine  absurd 
2022-02-13 00:37:33,ElevenRooneys,  the whole covid bs has ruined so much it cannot be described in a tweet  your distress over honking is comical 
2022-02-13 00:37:33,PaulRoundy1,  the protection against severe disease from omicron by previous covid    infection is about      obviously i don t advocate for getting infected previous to vaccination  but it is nevertheless true 
2022-02-13 00:37:33,volunte28983615,covid  sweeping new bill would require vaccine for every california worker  via 
2022-02-13 00:37:33,barbietrucker82,  covid wasn t around when i took science  you should maybe do a little more research on what that vaccine is doing to your body   it scare the hell out of me and i m not vaccinated  i can t imagine how you would feel once the whole truth starts coming out 
2022-02-13 00:37:32,Rich_pi_34, not all of those   k deaths are from covid  stop lying  the numbers are fudged  because they include people who died with covid but of other causes  and the tests are not even accurate either  either way  there s still zero justification for any vax mandates 
2022-02-13 00:37:32,ATL_Test_Watch,covid test available today at cvs       mount vernon road suite      atlanta  ga        at      pm      pm      pm      pm      pm      pm      pm      pm    
2022-02-13 00:37:32,onahunttoday,   pfizer postpones covid     vaccine for children under   years old  
2022-02-13 00:37:32,Iam_moraks, the africa digital epidemiology innovation network  adein   is conducting a research on covid    vaccination  existing barriers and perceived effects among the nigerian population   kindly access the questionnaire below thank you   
2022-02-13 00:37:31,drevakosta_eva,  that is horrific  so sorry  clearly that person did not experience the carnage of covid before the vaccine  too bad his mother  or his children if any  can t read that text her son posted  shameful 
2022-02-13 00:37:31,sleepingscholar,this full thread is important  but these inequalities are why we are in deep shit with covid  all the distrust of the medical establishment and vaccinations  it comes from deep healthcare inequalities  everyone  everyone  in the us has been gouged by healthcare   some got bitter 
2022-02-13 00:37:31,Carl_Spackler99,  sterilize as in small pox  did anyone ever get a breakthrough case of small pox after getting vaccine  sterilize as in eliminating virus  covid vaccine doesn t sterilize  simply preps immune system  not sure the controversy here
2022-02-13 00:37:30,JenG3313, may i ask if you tested the kiddos or just yourself and what day of symptoms did you test an just curious emu kids where sick in october just them not us adults all the signs of covid took her first day of symptoms but it was negative it just makes me wonder if they had it
2022-02-13 00:37:29,gstraightlife,kevin falcon s path to a b c  liberal victory  hammer the ndp over airborne covid  
2022-02-13 00:37:29,Bcole1400,virginia poison center urges caution  potentially dangerous ingredient in at home covid tests    
2022-02-13 00:37:29,Nopanaden,    low covid    mortality in spanish children   an lisis de la mortalidad pedi trica en espa a   en  
2022-02-13 00:37:29,ian_talia1738,ruger forgot his vaccination card now the manager is busy explaining the day when they got the covid jab face with tears of joy  face with tears of joy 
2022-02-13 00:37:29,straightnews,kevin falcon s path to a b c  liberal victory  hammer the ndp over airborne covid  
2022-02-13 00:37:29,RavynSkye2, in case you haven t realized  that s mostly rcmp response teams   the government doesn t care about you  because you don t have a bridge worth billions in trade   but you think the government cares about your health and well being when it comes to covid   adorable 
2022-02-13 00:37:28,MeridithOram, would you consider answering my covid   i had  pcr on       then  pcr on      symptoms gone  now symptoms back  or again  and   rapid test  is it a new infection or the same one  triple boosted  n  s all the time  thanks for considering  thanks for leading the way 
2022-02-13 00:37:28,doc_synapse,is covid over  tata bye bye moment 
2022-02-13 00:37:28,JamesMerolla, come back to wilkes barre where the city just used covid relief money to build a shitty ice rink in the middle of public square
2022-02-13 00:37:28,chudwn2,     covid hit n i m just getting shit in gears
2022-02-13 00:37:28,R_Quincy_ME, sono un non vaccinato che ha preso il covid in maniera asintomatica  il trattamento genico sperimentale sarebbe per me stato inutile  il vaccino non immunizza   ci si contagia e si infetta al pari di un non vaccinato
2022-02-13 00:37:27,NadiaAlix,china approves use of pfizer s covid drug paxlovid   business recorder  
2022-02-13 00:37:27,ZerounoTv,covid  in sicilia       nuovi contagi e    morti  
2022-02-13 00:37:27,ZerounoTv,covid         nuovi casi e     decessi in    ore  
2022-02-13 00:37:27,3ntrepreneur1,  it s an interesting topic  but still not because to mandate vaccines   variations and mutations will continue regardless  zero covid is not possible evidently so it s almost moot   it s important we remain open minded to different types of treatment too 
2022-02-13 00:37:27,traffickedout,the struggle is real tell your daughters is a huge ongoing crime wave   i know   other women they did it to  there s another activist on twitter who saw it coming in the after math of covid  single women easy prey  
2022-02-13 00:37:27,gillefond,  actually it did  our research team tried to do a study on long term flu vs covid symptoms and there weren t enough flu patients to study  we ve learned that it makes sense to cont to mask during flu seasons to avoid getting sick from that in future 
2022-02-13 00:37:27,almost_bill,non parlo con chi non   bloccato da eric ding  panic covid
2022-02-13 00:37:26,QudachCA,a total of     people with covid    have now died in new brunswick  according to the latest numbers on the province s covid    dashboard   
2022-02-13 00:37:26,iamwhitneygayle,so pretty much la this weekend has solidified the official end of covid and masks  superbowl
2022-02-13 00:37:26,keogh_glenn,  when i went to collect   i forgot my itin  explained i received it in aria the year prior to covid but said there s nothing i could do and that i had to ring the tax office over there  i just went to aria to the cashiers desk and they had it on the system   took them   secs 
2022-02-13 00:37:25,HausVonz,  that the vaccines are actually   gene therapy    or that ivermectin is useful for treating covid  even though the manufacturer explicitly warns against using it   any other questions   face with rolling eyes   
2022-02-13 00:37:25,pabucumunvirusu, derhal yumurta pandemisi getirile  tez vakitte t m yumurtalar imha edile  aa yumurta diyince bizim covid sava   s  memmed akl ma geldi  tavuklara  zel bir ilgisi vard  onun bir s yliyim bakim  bill zibidisinin sana yeni bir i  teklifi varm   diyeyim ilgisini  ekecek mi bakal m 
2022-02-13 00:37:24,LucioRey17, pero tenemos que hacer que la tragedia no sea mayor   tenemos que unirnos y quitar a este gobierno   que ya sido m s da ino   despiadado y caro que el mismo covid
2022-02-13 00:37:24,sadgalpriri,fyi  for anyone who took time off due to covid unpaid   
2022-02-13 00:37:24,sebastianhm04,el deporte favorito del covid es arruinar planes  smiling face with tear 
2022-02-13 00:37:24,UsernamePass7,  je pense que c  tait une tentative bidon de se servir du covid pour reporter les  lections ou de se maintenir de force  mais vu que le virus est devenu un rhume  il ne peut plus trafiquer les  lections  ils ont essay  d imposer le vote   correspondance mais  a n a pas march 
2022-02-13 00:37:24,linus08150,auf die fresse oder in die fresse  mit oder an covid prien
2022-02-13 00:37:23,ATL_Test_Watch,covid test available today at cvs       lawrenceville highway  decatur  ga        at      pm      pm      pm      pm      pm      pm      pm      pm      pm      pm      pm      pm      pm    
2022-02-13 00:37:23,FerPinke, sem covid e sem a petralhada 
2022-02-13 00:37:22,seo_zoom,china approves use of pfizer s covid drug paxlovid   business recorder  
2022-02-13 00:37:22,medicionverdad, les va a pedir ximo puig a todos el pasaporte covid   ah no  que es sociata  entonces todos callados  como haya alguna propaganda electoral soterrada por parte del gremio subvencionado eso estar a fuera de lugar 
2022-02-13 00:37:22,milabigiu,seconda parte comunicato pfizer agli azionisti prevede utili in netto calo a causa dell insicurezza del siero covid    e della fine della psicopandemia  crolla la farsa e ora cosa faranno i tiranni  togliete tutte le restrizioni e ridate le libert  ai popoli   
2022-02-13 00:37:22,ElioAlmaguer2,  el desempe o d cuba en relaci n a la vacunaci n anti covid    se destaca tanto entre los pa ses en desarrollo como en el mundo en su conjunto  reconoci  un sitio especializado   
2022-02-13 00:37:22,jwitker,  vaccine overwhelmingly prevents progression to covid pneumonia and and hyper immune inflammatory phase  which happens in absence of adaptive immunity  which causes vascular and other systemic disease 
2022-02-13 00:37:22,mybxvt,ses falan kalmad   ba  m  g   s kafesim ve bo az m  ok a r yor  umar m covid perileri de ildir
2022-02-13 00:37:21,Christi67545687, simple  masks hurt no one but can help millions from spreading or catching covid  wear masks until the virus cases decline dramatically and stay there   i ask those against masks if when they have surgery do they want the nurses  surgeons  anesthesiologists to wear gloves  amp  masks
2022-02-13 00:37:21,showtacyan20,                         face with open mouth         grinning face with sweat                                                      pouting face  pouting face  pouting face                          cozy             jolf               
2022-02-13 00:37:21,letteragi,covid  il bollettino della sicilia del    febbraio  scendono solo i ricoveri        nuovi casi       casi  in provincia di caltanissetta  
2022-02-13 00:37:21,longcovidadvoc1, it came on after covid though yet they dismissed longcovid  these diagnoses do overlap but they should still possibly consider covid as an issue not dismiss  but amazing ignorance that it wasn t around when they were young of course it was just not talked about and stigmatized
2022-02-13 00:37:21,Hippie_Amish, i am vaccinated  mandated at my hospital    i did have chest pains for a month afterwards   as a bedside nurse  i have seen many cardiac side effects   but i have also seen it help keep severe covid patients off the ventilator   i think it should be an individual choice 
2022-02-13 00:37:21,pecaro1,los del pa s todav a no saben que el covid no es un v  el virus se llama sars cov   este es el nivel  su  nica pretensi n es extender propaganda falaz  pseudocient fica y generadora de odio y distanciamiento social  claro  les pagan para ello   
2022-02-13 00:37:21,unofficialmagna,  from   for       raising hands light skin tone   we continue our red hot form  amp  run riot with a     win today to  reserves   soccer ball   with  st team manager  amp  goalkeeper  away with covid things could have been tricky but the boys more than delivered on the pitch  clapping hands light skin tone    yellow heart  black heart  yellow heart  black heart 
2022-02-13 00:37:20,genabeeps,for those of you who still believe this is about stopping the spread of covid 
2022-02-13 00:37:20,lokeshmadan444,what was the most effective method of controlling covid cases in india 
2022-02-13 00:37:20,pacurro55,blog de paqurro   covid tesorillo  continua el descenso en contagios  
2022-02-13 00:37:20,fckdatgoose7, fuck covid   hope you get better homie  
2022-02-13 00:37:20,HonyoustMary, tell me gym  do you believe drinking disinfectant will get rid of covid  how about drinking your own pee  so you must believe horse dewormer works  are you among those waiting in texas for the dead jfk and his son to return 
2022-02-13 00:37:19,nertz007, and for all of you people who call yourself reporters  the initial intent was to go to parliament and be heard  trudeau goes into hiding for    days covid ya right  then he calls me my son wife my gdaughter  my gson  my daughter a bunch of racists  and the genie is out 
2022-02-13 00:37:19,LlcSamgo1,how do you keep invisible viruses from touching your face or mask   protection against covid airborne aerosols with or without using a n   mask   simplicity makes it unbelievable and physics makes it tangible   
2022-02-13 00:37:18,CraftyMoni,feeling tired but don t know if it s covid or just not a good nights sleep  woman shrugging 
2022-02-13 00:37:18,yeatsdf,  first of all the hospitals listed in your picture are specialized  i m not sure what a rehabilitation hospital would do with covid patients   second the four hospitals listed  includes a children s hospital  a military hospital  and a tiny hospital with less than     beds 
2022-02-13 00:37:17,eclipseborn,numbers are the eastest thing to manipulate   cases cases cases   but how many died from covid and not just with a positive test result that is stated faulty by the cdc    ahh we don t have that number  now be afraid of more case numbers   so stupid 
2022-02-13 00:37:17,GreyReylo, one word   no  enough is enough  my body is not a science experiment  amp   i ll take my chances with covid  we have an immune system for a reason
2022-02-13 00:37:17,WalterGeeSpot,  what are the right cohorts for the covid vax 
2022-02-13 00:37:17,SoaringEagles50, covid vaccine has hiv proteins 
2022-02-13 00:37:17,DIVINEFXMININE, it also depends on the lft you re using  the nasal only ones are thin lines   i don t know anyone who s managed to get out early  i had covid in december so the rules were       days iso no matter what but i did daily testing for my own bit of research i guess   
2022-02-13 00:37:17,gnfsunshine,bbh saying his arm hurt when he had covid is making me really anxious about my arm aching rn lol
2022-02-13 00:37:16,ClimateRealists,riot police fire tear gas and use batons on freedom convoy demonstrators as they bring paris to a halt in protest against covid rules and soaring energy prices  via 
2022-02-13 00:37:16,esjay100, crazy exists on both sides   but dem crazy is currently making covid policy
2022-02-13 00:37:16,fivekidsnadog,  hospital capacity is an issue because of unscientific decisions to fire unvaxed  our hospital fired all of them  only to turn around and rehire them as all their vaxed workers got covid 
2022-02-13 00:37:16,RibSte,podem fazer  assim como todo mundo hj them dia faz exame de covid antes de gravar  o que n o garante      que as pessoas n o correm risco  a novela pantanal ser parada mesmo com testes  vacina  o e etc mostra isso  teste n o garante      de seguran a 
2022-02-13 00:37:16,SWAMPROCKIN,    you ever just cough so hard your chest feels like it s ringing  yeah i m having a bad time  and this ain t even covid  moai 
2022-02-13 00:37:15,BilalRaaid, this berlin wall should be abolished or reduced in height as soon as this covid comes to an end  fans generate revenue  and they should nt be kept as animals in the zoo  give them the respect they deserve  also increase players fans interaction to pull more crowd to the ground   
2022-02-13 00:37:15,Rosemarys_Dream, given that we need   doses to avoid severe covid now with the variants   it is worth mentioning that less than     of the eligible population has had a  rd dose 
2022-02-13 00:37:14,Atipico1996,covid infection triplicates the risk of death in the following months  it s not only about surviving the short term risk  but also the long term complications  yet the government and the public are happy to remove every safety measure   
2022-02-13 00:37:14,nacion,espa a dona a costa rica un mill n de vacunas de pfizer contra covid     
2022-02-13 00:37:14,daforerog,long term cardiovascular outcomes of covid     
2022-02-13 00:37:14,ItaliaNotizie24,covid         nuovi casi e     decessi in    ore  
2022-02-13 00:37:13,KissMyCarol,great discussion   
2022-02-13 00:37:13,ATL_Test_Watch,covid test available tomorrow at cvs       fairburn rd  douglasville  ga        at      pm      pm      pm    
2022-02-13 00:37:13,molsjames,are you watching   find out how successful doctors are treating covid   
2022-02-13 00:37:13,Steveb34069341,  unbelievably ridiculous comment   risk my life    anxiety is sky high   do you actually understand what covid is  my    year old father has just recovered from it  had a cough for a few days  i had a worse cold a couple of weeks ago  grow up 
2022-02-13 00:37:12,Eda76266953,  normalde kalp hastalar  i in evet ama asi veya covid sonras  i in do ru mu ben de bilmiyorum  ilgin  taraf  baz  hastalarda akut d nemde cl  ferritin  cpk ve probnp de y ksek gidiyor  kalp ile alakas  var m  bilemiyorum
2022-02-13 00:37:12,RamonPV,  i have shared some short videos from the convoy doctors press conference yesterday in ottawa  please share  it is a  hrs conference  but the short videos will give people an idea about what was discussed there  and that is  none of the covid    measures work 
2022-02-13 00:37:12,SAMSARAGX66BLUE,  i am the same  but i did catch covid during an er visit  still have fatigue from it so you are doing the right thing  thumbs up light skin tone   
2022-02-13 00:37:11,BabboChiquita, inter ha giocato con la rosa al completo tutto l anno  napoli e milan tra infortuni e covid sono state massacrate per mesi e sono solo a   punto  ora stanno recuperando dagli imfortuni  l inter ha finito le cartucce  sono stanchi senza turnover  spiaze 
2022-02-13 00:37:11,FakeNewsCNN202,  when did the nfl find a cure for the covid virus   face with tears of joy  i haven t heard of one nfl player  coach or anyone connected with nfl test positive   face with tears of joy  that s odd  it s all about the money  face with tears of joy  their not going to put ram s    or bengals qb in quarantine for the super bowl  face with tears of joy 
2022-02-13 00:37:10,jainebranquinho,eu com sintomas de covid e meus pais aqui no babi  eles s o contra vacina  n o vacinaram   cabe a dura   sou vacinada  t  com dor no corpo inteiro   n o posso nem chegar perto    poca horr vel  
2022-02-13 00:37:10,WandBSports, hes in covid protocol  how tf is he at the game   face with tears of joy 
2022-02-13 00:37:10,MsStarr7, animals use the same drugs humans do  i get your point about ivermectin use  but you clearly skipped mine  veterinarians are still using covid as a reason to refer patients to emergency care  that is backed up       hours  animals are dying w  these policies 
2022-02-13 00:37:10,2Trlc0che,  ben un peut car la grippe est une fois par an le covid entre   et   pics par ans
2022-02-13 00:37:09,bigandtall44,  basically saying  well this person had any symptom of covid on their death bed so we suspect covid    though they tested negative when they died  test them again post mortem and mark them as a presumed positive  this has been admitted in nj by the health department 
2022-02-13 00:37:08,shreekanthv, make no mistake pfizer vaccine is not to solve covid    but to create a generations of unhealthy people so that medical industrial complex run permanently  imagine the pharma industry making billions out of these unhealthy ppl with new drugs to mitigate covid vaccine side effects
2022-02-13 00:37:08,mikercameron,around    people are struck by lightening each year   i don t know your conditions but an individual with one adverse condition is around      times more likely to die if they get covid than they are to be struck by lightning   people really need a better understanding of risk 
2022-02-13 00:37:08,consul_first,  you could have civilians shadow covid care nurses   it s been two years you think they could do an ok job 
2022-02-13 00:37:08,PoohBea04909601,  exactly same  i ve had a cold  i ve had the flu  i m fairly healthy but i m not willing to bet the rest of my life on long covid  
2022-02-13 00:37:07,QueenGeog, good thinking  i blame covid and hardly any sleep for my slow brain today xx
2022-02-13 00:37:07,means_over, does it have anything to do with the healthcare system being better and the fact that their people aren t fat  unhealthy diabetics   even if they masked up  the people that think it s fat and okay will be getting pulled into the hospital  obesity was the worst thing for covid 
2022-02-13 00:37:07,samanth77470710, had covid in january       being booked for an angiogram 
2022-02-13 00:37:06,vickersty, yes  vitamin d is a vitamin  it s essential for health  this isn t controversial   it doesn t prevent covid  per se  but  not having enough  is very bad for you   it s also a very safe preventative health measure in general  and everyone should take it into consideration 
2022-02-13 00:37:06,Libero_official,bollettino covid    febbraio         nuovi contagi e     decessi  sia i ricoveri ordinari che quelli in terapia intensiva sono in calo per il quinto giorno consecutivo  
2022-02-13 00:37:06,jennyyyyc,i think i had covid   years ago  rolling on the floor laughing   i really was hella sick like this all january this year 
